employment_type,mean,median,min,max,count,employment_type_name
CT,154302.53684210527,134677.5,54512,344471,190,Contract
FL,140485.63020833334,120915.5,56424,343803,192,Freelance
FT,145331.13903743317,127966.0,57234,337306,187,Full-Time
PT,147351.47741935484,128234.0,62906,344427,155,Part-Time
